{"convbnrelu_1.conv.weight": {"std": 0.10758423805236816, "var": 0.011574368923902512, "idx": 0}, "convbnrelu_1.bn.weight": {"std": 0.06755774468183517, "var": 0.00456404872238636, "idx": 1}, "layer1.0.convbnrelu_1.conv.weight": {"std": 0.021903978660702705, "var": 0.0004797842993866652, "idx": 3}, "layer1.0.convbnrelu_1.bn.weight": {"std": 0.052253350615501404, "var": 0.0027304126415401697, "idx": 4}, "layer1.0.convbn_2.conv.weight": {"std": 0.022449063137173653, "var": 0.0005039604147896171, "idx": 6}, "layer1.0.convbn_2.bn.weight": {"std": 0.08584985136985779, "var": 0.007370196748524904, "idx": 7}, "layer1.1.convbnrelu_1.conv.weight": {"std": 0.02152644470334053, "var": 0.0004633877833839506, "idx": 9}, "layer1.1.convbnrelu_1.bn.weight": {"std": 0.048043277114629745, "var": 0.002308156341314316, "idx": 10}, "layer1.1.convbn_2.conv.weight": {"std": 0.020366044715046883, "var": 0.00041477580089122057, "idx": 12}, "layer1.1.convbn_2.bn.weight": {"std": 0.06994124501943588, "var": 0.004891777876764536, "idx": 13}, "layer2.0.convbnrelu_1.conv.weight": {"std": 0.01968316175043583, "var": 0.00038742684409953654, "idx": 15}, "layer2.0.convbnrelu_1.bn.weight": {"std": 0.02437131479382515, "var": 0.0005939609836786985, "idx": 16}, "layer2.0.convbn_2.conv.weight": {"std": 0.017550436779856682, "var": 0.0003080178576055914, "idx": 18}, "layer2.0.convbn_2.bn.weight": {"std": 0.0415738970041275, "var": 0.001728388830088079, "idx": 19}, "layer2.0.shortcut.conv.weight": {"std": 0.03832868114113808, "var": 0.001469087670557201, "idx": 21}, "layer2.0.shortcut.bn.weight": {"std": 0.0495990589261055, "var": 0.0024600664619356394, "idx": 22}, "layer2.1.convbnrelu_1.conv.weight": {"std": 0.01601780205965042, "var": 0.00025656999787315726, "idx": 24}, "layer2.1.convbnrelu_1.bn.weight": {"std": 0.02230129763484001, "var": 0.0004973479080945253, "idx": 25}, "layer2.1.convbn_2.conv.weight": {"std": 0.014662502333521843, "var": 0.00021498897694982588, "idx": 27}, "layer2.1.convbn_2.bn.weight": {"std": 0.03930480405688286, "var": 0.0015448677586391568, "idx": 28}, "layer3.0.convbnrelu_1.conv.weight": {"std": 0.015891840681433678, "var": 0.0002525505842640996, "idx": 30}, "layer3.0.convbnrelu_1.bn.weight": {"std": 0.01569533161818981, "var": 0.0002463434066157788, "idx": 31}, "layer3.0.convbn_2.conv.weight": {"std": 0.01491273008286953, "var": 0.00022238952806219459, "idx": 33}, "layer3.0.convbn_2.bn.weight": {"std": 0.023550361394882202, "var": 0.0005546195316128433, "idx": 34}, "layer3.0.shortcut.conv.weight": {"std": 0.025970513001084328, "var": 0.000674467533826828, "idx": 36}, "layer3.0.shortcut.bn.weight": {"std": 0.02538393996655941, "var": 0.0006443443708121777, "idx": 37}, "layer3.1.convbnrelu_1.conv.weight": {"std": 0.014221304096281528, "var": 0.00020224550098646432, "idx": 39}, "layer3.1.convbnrelu_1.bn.weight": {"std": 0.015855198726058006, "var": 0.00025138730416074395, "idx": 40}, "layer3.1.convbn_2.conv.weight": {"std": 0.013369736261665821, "var": 0.00017874984769150615, "idx": 42}, "layer3.1.convbn_2.bn.weight": {"std": 0.028700871393084526, "var": 0.0008237400325015187, "idx": 43}, "layer4.0.convbnrelu_1.conv.weight": {"std": 0.013304788619279861, "var": 0.0001770173985278234, "idx": 45}, "layer4.0.convbnrelu_1.bn.weight": {"std": 0.014850457198917866, "var": 0.00022053607972338796, "idx": 46}, "layer4.0.convbn_2.conv.weight": {"std": 0.011396728456020355, "var": 0.00012988541857339442, "idx": 48}, "layer4.0.convbn_2.bn.weight": {"std": 0.020150184631347656, "var": 0.0004060299543198198, "idx": 49}, "layer4.0.shortcut.conv.weight": {"std": 0.018748868256807327, "var": 0.0003515200805850327, "idx": 51}, "layer4.0.shortcut.bn.weight": {"std": 0.01634262129664421, "var": 0.00026708125369623303, "idx": 52}, "layer4.1.convbnrelu_1.conv.weight": {"std": 0.010808447375893593, "var": 0.0001168225280707702, "idx": 54}, "layer4.1.convbnrelu_1.bn.weight": {"std": 0.013227056711912155, "var": 0.0001749550283420831, "idx": 55}, "layer4.1.convbn_2.conv.weight": {"std": 0.0058497097343206406, "var": 3.421910514589399e-05, "idx": 57}, "layer4.1.convbn_2.bn.weight": {"std": 0.0540320910513401, "var": 0.0029194667004048824, "idx": 58}, "classifier.weight": {"std": 0.06981069594621658, "var": 0.004873533267527819, "idx": 60}}