{"conv1.weight": {"std": 0.18882521986961365, "var": 0.03565496578812599, "idx": 0}, "bn1.weight": {"std": 0.09954667091369629, "var": 0.009909539483487606, "idx": 1}, "conv2.weight": {"std": 0.05472728982567787, "var": 0.00299507612362504, "idx": 3}, "bn2.weight": {"std": 0.04823143780231476, "var": 0.002326271729543805, "idx": 4}, "block1.skip.weight": {"std": 0.04273628443479538, "var": 0.0018263900419697165, "idx": 6}, "block1.skipbn.weight": {"std": 0.062168870121240616, "var": 0.0038649681955575943, "idx": 7}, "block1.rep.0.conv1.weight": {"std": 0.144893616437912, "var": 0.0209941603243351, "idx": 9}, "block1.rep.0.pointwise.weight": {"std": 0.060905370861291885, "var": 0.0037094641011208296, "idx": 10}, "block1.rep.1.weight": {"std": 0.03933519870042801, "var": 0.0015472579980269074, "idx": 11}, "block1.rep.3.conv1.weight": {"std": 0.09507779031991959, "var": 0.009039786644279957, "idx": 13}, "block1.rep.3.pointwise.weight": {"std": 0.04892278462648392, "var": 0.002393438946455717, "idx": 14}, "block1.rep.4.weight": {"std": 0.04001987352967262, "var": 0.0016015904257073998, "idx": 15}, "block2.skip.weight": {"std": 0.02263457328081131, "var": 0.0005123238661326468, "idx": 17}, "block2.skipbn.weight": {"std": 0.03930315747857094, "var": 0.0015447380719706416, "idx": 18}, "block2.rep.1.conv1.weight": {"std": 0.1144564300775528, "var": 0.0131002739071846, "idx": 20}, "block2.rep.1.pointwise.weight": {"std": 0.04242972657084465, "var": 0.0018002816941589117, "idx": 21}, "block2.rep.2.weight": {"std": 0.03041881136596203, "var": 0.0009253040771000087, "idx": 22}, "block2.rep.4.conv1.weight": {"std": 0.08550579845905304, "var": 0.007311241701245308, "idx": 24}, "block2.rep.4.pointwise.weight": {"std": 0.03604164347052574, "var": 0.0012990001123398542, "idx": 25}, "block2.rep.5.weight": {"std": 0.0265231654047966, "var": 0.000703478348441422, "idx": 26}, "block3.skip.weight": {"std": 0.008377188816666603, "var": 7.017729512881488e-05, "idx": 28}, "block3.skipbn.weight": {"std": 0.021459732204675674, "var": 0.0004605201247613877, "idx": 29}, "block3.rep.1.conv1.weight": {"std": 0.0917428731918335, "var": 0.008416755124926567, "idx": 31}, "block3.rep.1.pointwise.weight": {"std": 0.025782564654946327, "var": 0.0006647406262345612, "idx": 32}, "block3.rep.2.weight": {"std": 0.01826517842710018, "var": 0.0003336167137604207, "idx": 33}, "block3.rep.4.conv1.weight": {"std": 0.057956356555223465, "var": 0.003358939429745078, "idx": 35}, "block3.rep.4.pointwise.weight": {"std": 0.016034863889217377, "var": 0.00025711688795126975, "idx": 36}, "block3.rep.5.weight": {"std": 0.0218806229531765, "var": 0.0004787616489920765, "idx": 37}, "block4.rep.1.conv1.weight": {"std": 0.03173784166574478, "var": 0.001007290557026863, "idx": 39}, "block4.rep.1.pointwise.weight": {"std": 0.008888112381100655, "var": 7.899854972492903e-05, "idx": 40}, "block4.rep.2.weight": {"std": 0.027882475405931473, "var": 0.0007774324039928615, "idx": 41}, "block4.rep.4.conv1.weight": {"std": 0.03135564550757408, "var": 0.0009831764036789536, "idx": 43}, "block4.rep.4.pointwise.weight": {"std": 0.006649367045611143, "var": 4.4214084482518956e-05, "idx": 44}, "block4.rep.5.weight": {"std": 0.0463772751390934, "var": 0.0021508517675101757, "idx": 45}, "block4.rep.7.conv1.weight": {"std": 0.028246888890862465, "var": 0.0007978866924531758, "idx": 47}, "block4.rep.7.pointwise.weight": {"std": 0.0041035618633031845, "var": 1.683921982476022e-05, "idx": 48}, "block4.rep.8.weight": {"std": 0.033408887684345245, "var": 0.0011161539005115628, "idx": 49}, "block5.rep.1.conv1.weight": {"std": 0.022193320095539093, "var": 0.0004925434477627277, "idx": 51}, "block5.rep.1.pointwise.weight": {"std": 0.005112445447593927, "var": 2.6137096938327886e-05, "idx": 52}, "block5.rep.2.weight": {"std": 0.030875572934746742, "var": 0.000953300972469151, "idx": 53}, "block5.rep.4.conv1.weight": {"std": 0.02033694088459015, "var": 0.0004135911585763097, "idx": 55}, "block5.rep.4.pointwise.weight": {"std": 0.0032694500405341387, "var": 1.0689303053368349e-05, "idx": 56}, "block5.rep.5.weight": {"std": 0.03813975304365158, "var": 0.001454640761949122, "idx": 57}, "block5.rep.7.conv1.weight": {"std": 0.018153173848986626, "var": 0.0003295377246104181, "idx": 59}, "block5.rep.7.pointwise.weight": {"std": 0.002517904620617628, "var": 6.339843821479008e-06, "idx": 60}, "block5.rep.8.weight": {"std": 0.028126975521445274, "var": 0.0007911268039606512, "idx": 61}, "block6.rep.1.conv1.weight": {"std": 0.010598726570606232, "var": 0.00011233300756430253, "idx": 63}, "block6.rep.1.pointwise.weight": {"std": 0.0019211153266951442, "var": 3.6906842524331296e-06, "idx": 64}, "block6.rep.2.weight": {"std": 0.019443228840827942, "var": 0.00037803917075507343, "idx": 65}, "block6.rep.4.conv1.weight": {"std": 0.00914753507822752, "var": 8.367739064851776e-05, "idx": 67}, "block6.rep.4.pointwise.weight": {"std": 0.0014182968297973275, "var": 2.0115660390729317e-06, "idx": 68}, "block6.rep.5.weight": {"std": 0.0204849224537611, "var": 0.00041963206604123116, "idx": 69}, "block6.rep.7.conv1.weight": {"std": 0.008849774487316608, "var": 7.8318509622477e-05, "idx": 71}, "block6.rep.7.pointwise.weight": {"std": 0.001403703703545034, "var": 1.9703841189766536e-06, "idx": 72}, "block6.rep.8.weight": {"std": 0.012655064463615417, "var": 0.0001601506519364193, "idx": 73}, "block7.rep.1.conv1.weight": {"std": 0.0064932177774608135, "var": 4.216187517158687e-05, "idx": 75}, "block7.rep.1.pointwise.weight": {"std": 0.0012337923981249332, "var": 1.5222435649775434e-06, "idx": 76}, "block7.rep.2.weight": {"std": 0.011356868781149387, "var": 0.00012897847045678645, "idx": 77}, "block7.rep.4.conv1.weight": {"std": 0.005458755884319544, "var": 2.9798015020787716e-05, "idx": 79}, "block7.rep.4.pointwise.weight": {"std": 0.001060440088622272, "var": 1.1245331279496895e-06, "idx": 80}, "block7.rep.5.weight": {"std": 0.013356766663491726, "var": 0.00017840320651885122, "idx": 81}, "block7.rep.7.conv1.weight": {"std": 0.0055430275388062, "var": 3.072515391977504e-05, "idx": 83}, "block7.rep.7.pointwise.weight": {"std": 0.0010924867819994688, "var": 1.1935272823393461e-06, "idx": 84}, "block7.rep.8.weight": {"std": 0.008921850472688675, "var": 7.959942013258114e-05, "idx": 85}, "block8.rep.1.conv1.weight": {"std": 0.0037222758401185274, "var": 1.3855337783752475e-05, "idx": 87}, "block8.rep.1.pointwise.weight": {"std": 0.0009546831133775413, "var": 9.114198178394872e-07, "idx": 88}, "block8.rep.2.weight": {"std": 0.0057756612077355385, "var": 3.33582611347083e-05, "idx": 89}, "block8.rep.4.conv1.weight": {"std": 0.002947194268926978, "var": 8.68595452629961e-06, "idx": 91}, "block8.rep.4.pointwise.weight": {"std": 0.0009087954531423748, "var": 8.259091828222154e-07, "idx": 92}, "block8.rep.5.weight": {"std": 0.0064260889776051044, "var": 4.1294621041743085e-05, "idx": 93}, "block8.rep.7.conv1.weight": {"std": 0.0028930094558745623, "var": 8.369503120775335e-06, "idx": 95}, "block8.rep.7.pointwise.weight": {"std": 0.0009316394571214914, "var": 8.679521101839782e-07, "idx": 96}, "block8.rep.8.weight": {"std": 0.003913988824933767, "var": 1.531930683995597e-05, "idx": 97}, "block9.rep.1.conv1.weight": {"std": 0.0016250789631158113, "var": 2.6408815756440163e-06, "idx": 99}, "block9.rep.1.pointwise.weight": {"std": 0.000867862137965858, "var": 7.531846790698182e-07, "idx": 100}, "block9.rep.2.weight": {"std": 0.0013039576588198543, "var": 1.7003054608721868e-06, "idx": 101}, "block9.rep.4.conv1.weight": {"std": 0.0015828879550099373, "var": 2.5055344394786516e-06, "idx": 103}, "block9.rep.4.pointwise.weight": {"std": 0.0008634844562038779, "var": 7.456054049725935e-07, "idx": 104}, "block9.rep.5.weight": {"std": 0.0009973886189982295, "var": 9.947841590474127e-07, "idx": 105}, "block9.rep.7.conv1.weight": {"std": 0.0015698388451710343, "var": 2.4643941287649795e-06, "idx": 107}, "block9.rep.7.pointwise.weight": {"std": 0.0008651360985822976,