{"convbnrelu_1.conv.weight": {"std": 0.08695797622203827, "var": 0.007561689708381891, "idx": 0}, "convbnrelu_1.bn.weight": {"std": 0.060115646570920944, "var": 0.0036138908471912146, "idx": 1}, "layer1.0.convbnrelu_1.conv.weight": {"std": 0.01886661723256111, "var": 0.00035594921791926026, "idx": 3}, "layer1.0.convbnrelu_1.bn.weight": {"std": 0.03563815727829933, "var": 0.0012700783554464579, "idx": 4}, "layer1.0.convbn_2.conv.weight": {"std": 0.02001865953207016, "var": 0.0004007467068731785, "idx": 6}, "layer1.0.convbn_2.bn.weight": {"std": 0.06240992620587349, "var": 0.003894998924806714, "idx": 7}, "layer1.1.convbnrelu_1.conv.weight": {"std": 0.021167268976569176, "var": 0.0004480532952584326, "idx": 9}, "layer1.1.convbnrelu_1.bn.weight": {"std": 0.05398489162325859, "var": 0.0029143684078007936, "idx": 10}, "layer1.1.convbn_2.conv.weight": {"std": 0.01983989030122757, "var": 0.0003936212742701173, "idx": 12}, "layer1.1.convbn_2.bn.weight": {"std": 0.06761050224304199, "var": 0.004571179859340191, "idx": 13}, "layer2.0.convbnrelu_1.conv.weight": {"std": 0.01722663827240467, "var": 0.0002967570617329329, "idx": 15}, "layer2.0.convbnrelu_1.bn.weight": {"std": 0.018393732607364655, "var": 0.0003383294097147882, "idx": 16}, "layer2.0.convbn_2.conv.weight": {"std": 0.01593354344367981, "var": 0.0002538778353482485, "idx": 18}, "layer2.0.convbn_2.bn.weight": {"std": 0.030872082337737083, "var": 0.0009530854877084494, "idx": 19}, "layer2.0.shortcut.conv.weight": {"std": 0.03189463168382645, "var": 0.0010172674665227532, "idx": 21}, "layer2.0.shortcut.bn.weight": {"std": 0.038634512573480606, "var": 0.0014926256844773889, "idx": 22}, "layer2.1.convbnrelu_1.conv.weight": {"std": 0.014840151183307171, "var": 0.00022023008204996586, "idx": 24}, "layer2.1.convbnrelu_1.bn.weight": {"std": 0.02225278876721859, "var": 0.0004951865994371474, "idx": 25}, "layer2.1.convbn_2.conv.weight": {"std": 0.013493002392351627, "var": 0.00018206110689789057, "idx": 27}, "layer2.1.convbn_2.bn.weight": {"std": 0.03295179829001427, "var": 0.0010858210735023022, "idx": 28}, "layer3.0.convbnrelu_1.conv.weight": {"std": 0.013918129727244377, "var": 0.00019371433882042766, "idx": 30}, "layer3.0.convbnrelu_1.bn.weight": {"std": 0.01625925488770008, "var": 0.0002643633633852005, "idx": 31}, "layer3.0.convbn_2.conv.weight": {"std": 0.012731806375086308, "var": 0.00016209889145102352, "idx": 33}, "layer3.0.convbn_2.bn.weight": {"std": 0.01953340321779251, "var": 0.0003815538075286895, "idx": 34}, "layer3.0.shortcut.conv.weight": {"std": 0.020431846380233765, "var": 0.00041746036731638014, "idx": 36}, "layer3.0.shortcut.bn.weight": {"std": 0.016095280647277832, "var": 0.00025905805523507297, "idx": 37}, "layer3.1.convbnrelu_1.conv.weight": {"std": 0.012363577261567116, "var": 0.0001528580323792994, "idx": 39}, "layer3.1.convbnrelu_1.bn.weight": {"std": 0.015316657721996307, "var": 0.00023460001102648675, "idx": 40}, "layer3.1.convbn_2.conv.weight": {"std": 0.009681044146418571, "var": 9.372262138640508e-05, "idx": 42}, "layer3.1.convbn_2.bn.weight": {"std": 0.021488424390554428, "var": 0.00046175241004675627, "idx": 43}, "layer4.0.convbnrelu_1.conv.weight": {"std": 0.007197500206530094, "var": 5.180401058169082e-05, "idx": 45}, "layer4.0.convbnrelu_1.bn.weight": {"std": 0.013376458548009396, "var": 0.00017892965115606785, "idx": 46}, "layer4.0.convbn_2.conv.weight": {"std": 0.004382257349789143, "var": 1.920418071676977e-05, "idx": 48}, "layer4.0.convbn_2.bn.weight": {"std": 0.02277660183608532, "var": 0.0005187735660001636, "idx": 49}, "layer4.0.shortcut.conv.weight": {"std": 0.009603425860404968, "var": 9.222578228218481e-05, "idx": 51}, "layer4.0.shortcut.bn.weight": {"std": 0.011832528747618198, "var": 0.00014000873488839716, "idx": 52}, "layer4.1.convbnrelu_1.conv.weight": {"std": 0.0035059726797044277, "var": 1.2291844541323371e-05, "idx": 54}, "layer4.1.convbnrelu_1.bn.weight": {"std": 0.017095787450671196, "var": 0.0002922659332398325, "idx": 55}, "layer4.1.convbn_2.conv.weight": {"std": 0.001891571213491261, "var": 3.5780417420028243e-06, "idx": 57}, "layer4.1.convbn_2.bn.weight": {"std": 0.03463016077876091, "var": 0.0011992480140179396, "idx": 58}, "classifier.weight": {"std": 0.08827046304941177, "var": 0.007791674695909023, "idx": 60}}