{"convbnrelu_1.conv.weight": {"std": 0.09086952358484268, "var": 0.008257269859313965, "idx": 0}, "convbnrelu_1.bn.weight": {"std": 0.05448688939213753, "var": 0.0029688209760934114, "idx": 1}, "layer1.0.convbnrelu_1.conv.weight": {"std": 0.05722975358366966, "var": 0.003275244729593396, "idx": 3}, "layer1.0.convbnrelu_1.bn.weight": {"std": 0.03603985905647278, "var": 0.0012988713569939137, "idx": 4}, "layer1.0.convbn_2.conv.weight": {"std": 0.05664481595158577, "var": 0.003208635374903679, "idx": 6}, "layer1.0.convbn_2.bn.weight": {"std": 0.032428644597530365, "var": 0.0010516169713810086, "idx": 7}, "layer1.1.convbnrelu_1.conv.weight": {"std": 0.05623844638466835, "var": 0.00316276284866035, "idx": 9}, "layer1.1.convbnrelu_1.bn.weight": {"std": 0.022087926045060158, "var": 0.0004878765030298382, "idx": 10}, "layer1.1.convbn_2.conv.weight": {"std": 0.056327808648347855, "var": 0.0031728220637887716, "idx": 12}, "layer1.1.convbn_2.bn.weight": {"std": 0.022355295717716217, "var": 0.0004997592186555266, "idx": 13}, "layer2.0.convbnrelu_1.conv.weight": {"std": 0.039965927600860596, "var": 0.0015972754918038845, "idx": 15}, "layer2.0.convbnrelu_1.bn.weight": {"std": 0.012697646394371986, "var": 0.0001612302294233814, "idx": 16}, "layer2.0.convbn_2.conv.weight": {"std": 0.03969654440879822, "var": 0.001575815724208951, "idx": 18}, "layer2.0.convbn_2.bn.weight": {"std": 0.016101006418466568, "var": 0.0002592423988971859, "idx": 19}, "layer2.0.shortcut.conv.weight": {"std": 0.11814147979021072, "var": 0.01395740918815136, "idx": 21}, "layer2.0.shortcut.bn.weight": {"std": 0.009783179499208927, "var": 9.571059490554035e-05, "idx": 22}, "layer2.1.convbnrelu_1.conv.weight": {"std": 0.03970383480191231, "var": 0.0015763945411890745, "idx": 24}, "layer2.1.convbnrelu_1.bn.weight": {"std": 0.014542312361299992, "var": 0.00021147883671801537, "idx": 25}, "layer2.1.convbn_2.conv.weight": {"std": 0.0396350733935833, "var": 0.0015709389699622989, "idx": 27}, "layer2.1.convbn_2.bn.weight": {"std": 0.017360443249344826, "var": 0.00030138497822918, "idx": 28}, "layer3.0.convbnrelu_1.conv.weight": {"std": 0.02815716713666916, "var": 0.000792826060205698, "idx": 30}, "layer3.0.convbnrelu_1.bn.weight": {"std": 0.008533305488526821, "var": 7.281730358954519e-05, "idx": 31}, "layer3.0.convbn_2.conv.weight": {"std": 0.02798016555607319, "var": 0.0007828896632418036, "idx": 33}, "layer3.0.convbn_2.bn.weight": {"std": 0.009788688272237778, "var": 9.581841732142493e-05, "idx": 34}, "layer3.0.shortcut.conv.weight": {"std": 0.08342906832695007, "var": 0.006960409693419933, "idx": 36}, "layer3.0.shortcut.bn.weight": {"std": 0.005388179328292608, "var": 2.903247695940081e-05, "idx": 37}, "layer3.1.convbnrelu_1.conv.weight": {"std": 0.027900824323296547, "var": 0.0007784560439176857, "idx": 39}, "layer3.1.convbnrelu_1.bn.weight": {"std": 0.007662912365049124, "var": 5.872022302355617e-05, "idx": 40}, "layer3.1.convbn_2.conv.weight": {"std": 0.027840856462717056, "var": 0.0007751132943667471, "idx": 42}, "layer3.1.convbn_2.bn.weight": {"std": 0.010013890452682972, "var": 0.00010027799726231024, "idx": 43}, "layer4.0.convbnrelu_1.conv.weight": {"std": 0.019763367250561714, "var": 0.00039059072150848806, "idx": 45}, "layer4.0.convbnrelu_1.bn.weight": {"std": 0.005144102964550257, "var": 2.646179564180784e-05, "idx": 46}, "layer4.0.convbn_2.conv.weight": {"std": 0.01969178020954132, "var": 0.0003877662238664925, "idx": 48}, "layer4.0.convbn_2.bn.weight": {"std": 0.00782008096575737, "var": 6.11536597716622e-05, "idx": 49}, "layer4.0.shortcut.conv.weight": {"std": 0.059113211929798126, "var": 0.00349437166005373, "idx": 51}, "layer4.0.shortcut.bn.weight": {"std": 0.004592547193169594, "var": 2.1091489543323405e-05, "idx": 52}, "layer4.1.convbnrelu_1.conv.weight": {"std": 0.019692840054631233, "var": 0.000387807929655537, "idx": 54}, "layer4.1.convbnrelu_1.bn.weight": {"std": 0.0052770278416574, "var": 2.7847025194205344e-05, "idx": 55}, "layer4.1.convbn_2.conv.weight": {"std": 0.019668780267238617, "var": 0.0003868608910124749, "idx": 57}, "layer4.1.convbn_2.bn.weight": {"std": 0.00786769948899746, "var": 6.190069689182565e-05, "idx": 58}, "classifier.weight": {"std": 0.04941960796713829, "var": 0.002442297525703907, "idx": 60}}